EventCode,Message,"_raw","_time",host,index,linecount,source,sourcetype,"splunk_server"
4624,"An account was successfully logged on.

Subject:
	Security ID:		S-1-0-0
	Account Name:		-
	Account Domain:		-
	Logon ID:		0x0

Logon Type:			3

New Logon:
	Security ID:		S-1-5-7
	Account Name:		ANONYMOUS LOGON
	Account Domain:		NT AUTHORITY
	Logon ID:		0x5bab6a9
	Logon GUID:		{00000000-0000-0000-0000-000000000000}

Process Information:
	Process ID:		0x0
	Process Name:		-

Network Information:
	Workstation Name:	nmap
	Source Network Address:	10.0.0.176
	Source Port:		53046

Detailed Authentication Information:
	Logon Process:		NtLmSsp 
	Authentication Package:	NTLM
	Transited Services:	-
	Package Name (NTLM only):	NTLM V1
	Key Length:		128

This event is generated when a logon session is created. It is generated on the computer that was accessed.

The subject fields indicate the account on the local system which requested the logon. This is most commonly a service such as the Server service, or a local process such as Winlogon.exe or Services.exe.

The logon type field indicates the kind of logon that occurred. The most common types are 2 (interactive) and 3 (network).

The New Logon fields indicate the account for whom the new logon was created, i.e. the account that was logged on.

The network fields indicate where a remote logon request originated. Workstation name is not always available and may be left blank in some cases.

The authentication information fields provide detailed information about this specific logon request.
	- Logon GUID is a unique identifier that can be used to correlate this event with a KDC event.
	- Transited services indicate which intermediate services have participated in this logon request.
	- Package name indicates which sub-protocol was used among the NTLM protocols.
	- Key length indicates the length of the generated session key. This will be 0 if no session key was requested.","07/02/2024 09:36:49 PM
LogName=Security
EventCode=4624
EventType=0
ComputerName=RISK-ANALYST1
SourceName=Microsoft Windows security auditing.
Type=Information
RecordNumber=59836
Keywords=Audit Success
TaskCategory=Logon
OpCode=Info
Message=An account was successfully logged on.

Subject:
	Security ID:		S-1-0-0
	Account Name:		-
	Account Domain:		-
	Logon ID:		0x0

Logon Type:			3

New Logon:
	Security ID:		S-1-5-7
	Account Name:		ANONYMOUS LOGON
	Account Domain:		NT AUTHORITY
	Logon ID:		0x5bab6a9
	Logon GUID:		{00000000-0000-0000-0000-000000000000}

Process Information:
	Process ID:		0x0
	Process Name:		-

Network Information:
	Workstation Name:	nmap
	Source Network Address:	10.0.0.176
	Source Port:		53046

Detailed Authentication Information:
	Logon Process:		NtLmSsp 
	Authentication Package:	NTLM
	Transited Services:	-
	Package Name (NTLM only):	NTLM V1
	Key Length:		128

This event is generated when a logon session is created. It is generated on the computer that was accessed.

The subject fields indicate the account on the local system which requested the logon. This is most commonly a service such as the Server service, or a local process such as Winlogon.exe or Services.exe.

The logon type field indicates the kind of logon that occurred. The most common types are 2 (interactive) and 3 (network).

The New Logon fields indicate the account for whom the new logon was created, i.e. the account that was logged on.

The network fields indicate where a remote logon request originated. Workstation name is not always available and may be left blank in some cases.

The authentication information fields provide detailed information about this specific logon request.
	- Logon GUID is a unique identifier that can be used to correlate this event with a KDC event.
	- Transited services indicate which intermediate services have participated in this logon request.
	- Package name indicates which sub-protocol was used among the NTLM protocols.
	- Key length indicates the length of the generated session key. This will be 0 if no session key was requested.","2024-07-03T04:36:49.000+00:00","RISK-ANALYST1",main,59,"WinEventLog:Security","WinEventLog:Security","ip-10-0-0-207.us-west-2.compute.internal"
4624,"An account was successfully logged on.

Subject:
	Security ID:		S-1-0-0
	Account Name:		-
	Account Domain:		-
	Logon ID:		0x0

Logon Type:			3

New Logon:
	Security ID:		S-1-5-7
	Account Name:		ANONYMOUS LOGON
	Account Domain:		NT AUTHORITY
	Logon ID:		0x5ba8ddf
	Logon GUID:		{00000000-0000-0000-0000-000000000000}

Process Information:
	Process ID:		0x0
	Process Name:		-

Network Information:
	Workstation Name:	nmap
	Source Network Address:	10.0.0.176
	Source Port:		38560

Detailed Authentication Information:
	Logon Process:		NtLmSsp 
	Authentication Package:	NTLM
	Transited Services:	-
	Package Name (NTLM only):	NTLM V1
	Key Length:		128

This event is generated when a logon session is created. It is generated on the computer that was accessed.

The subject fields indicate the account on the local system which requested the logon. This is most commonly a service such as the Server service, or a local process such as Winlogon.exe or Services.exe.

The logon type field indicates the kind of logon that occurred. The most common types are 2 (interactive) and 3 (network).

The New Logon fields indicate the account for whom the new logon was created, i.e. the account that was logged on.

The network fields indicate where a remote logon request originated. Workstation name is not always available and may be left blank in some cases.

The authentication information fields provide detailed information about this specific logon request.
	- Logon GUID is a unique identifier that can be used to correlate this event with a KDC event.
	- Transited services indicate which intermediate services have participated in this logon request.
	- Package name indicates which sub-protocol was used among the NTLM protocols.
	- Key length indicates the length of the generated session key. This will be 0 if no session key was requested.","07/02/2024 09:35:46 PM
LogName=Security
EventCode=4624
EventType=0
ComputerName=RISK-ANALYST1
SourceName=Microsoft Windows security auditing.
Type=Information
RecordNumber=59834
Keywords=Audit Success
TaskCategory=Logon
OpCode=Info
Message=An account was successfully logged on.

Subject:
	Security ID:		S-1-0-0
	Account Name:		-
	Account Domain:		-
	Logon ID:		0x0

Logon Type:			3

New Logon:
	Security ID:		S-1-5-7
	Account Name:		ANONYMOUS LOGON
	Account Domain:		NT AUTHORITY
	Logon ID:		0x5ba8ddf
	Logon GUID:		{00000000-0000-0000-0000-000000000000}

Process Information:
	Process ID:		0x0
	Process Name:		-

Network Information:
	Workstation Name:	nmap
	Source Network Address:	10.0.0.176
	Source Port:		38560

Detailed Authentication Information:
	Logon Process:		NtLmSsp 
	Authentication Package:	NTLM
	Transited Services:	-
	Package Name (NTLM only):	NTLM V1
	Key Length:		128

This event is generated when a logon session is created. It is generated on the computer that was accessed.

The subject fields indicate the account on the local system which requested the logon. This is most commonly a service such as the Server service, or a local process such as Winlogon.exe or Services.exe.

The logon type field indicates the kind of logon that occurred. The most common types are 2 (interactive) and 3 (network).

The New Logon fields indicate the account for whom the new logon was created, i.e. the account that was logged on.

The network fields indicate where a remote logon request originated. Workstation name is not always available and may be left blank in some cases.

The authentication information fields provide detailed information about this specific logon request.
	- Logon GUID is a unique identifier that can be used to correlate this event with a KDC event.
	- Transited services indicate which intermediate services have participated in this logon request.
	- Package name indicates which sub-protocol was used among the NTLM protocols.
	- Key length indicates the length of the generated session key. This will be 0 if no session key was requested.","2024-07-03T04:35:46.000+00:00","RISK-ANALYST1",main,59,"WinEventLog:Security","WinEventLog:Security","ip-10-0-0-207.us-west-2.compute.internal"
4624,"An account was successfully logged on.

Subject:
	Security ID:		S-1-0-0
	Account Name:		-
	Account Domain:		-
	Logon ID:		0x0

Logon Type:			3

New Logon:
	Security ID:		S-1-5-7
	Account Name:		ANONYMOUS LOGON
	Account Domain:		NT AUTHORITY
	Logon ID:		0x5ba8d87
	Logon GUID:		{00000000-0000-0000-0000-000000000000}

Process Information:
	Process ID:		0x0
	Process Name:		-

Network Information:
	Workstation Name:	nmap
	Source Network Address:	10.0.0.176
	Source Port:		38548

Detailed Authentication Information:
	Logon Process:		NtLmSsp 
	Authentication Package:	NTLM
	Transited Services:	-
	Package Name (NTLM only):	NTLM V1
	Key Length:		128

This event is generated when a logon session is created. It is generated on the computer that was accessed.

The subject fields indicate the account on the local system which requested the logon. This is most commonly a service such as the Server service, or a local process such as Winlogon.exe or Services.exe.

The logon type field indicates the kind of logon that occurred. The most common types are 2 (interactive) and 3 (network).

The New Logon fields indicate the account for whom the new logon was created, i.e. the account that was logged on.

The network fields indicate where a remote logon request originated. Workstation name is not always available and may be left blank in some cases.

The authentication information fields provide detailed information about this specific logon request.
	- Logon GUID is a unique identifier that can be used to correlate this event with a KDC event.
	- Transited services indicate which intermediate services have participated in this logon request.
	- Package name indicates which sub-protocol was used among the NTLM protocols.
	- Key length indicates the length of the generated session key. This will be 0 if no session key was requested.","07/02/2024 09:35:45 PM
LogName=Security
EventCode=4624
EventType=0
ComputerName=RISK-ANALYST1
SourceName=Microsoft Windows security auditing.
Type=Information
RecordNumber=59832
Keywords=Audit Success
TaskCategory=Logon
OpCode=Info
Message=An account was successfully logged on.

Subject:
	Security ID:		S-1-0-0
	Account Name:		-
	Account Domain:		-
	Logon ID:		0x0

Logon Type:			3

New Logon:
	Security ID:		S-1-5-7
	Account Name:		ANONYMOUS LOGON
	Account Domain:		NT AUTHORITY
	Logon ID:		0x5ba8d87
	Logon GUID:		{00000000-0000-0000-0000-000000000000}

Process Information:
	Process ID:		0x0
	Process Name:		-

Network Information:
	Workstation Name:	nmap
	Source Network Address:	10.0.0.176
	Source Port:		38548

Detailed Authentication Information:
	Logon Process:		NtLmSsp 
	Authentication Package:	NTLM
	Transited Services:	-
	Package Name (NTLM only):	NTLM V1
	Key Length:		128

This event is generated when a logon session is created. It is generated on the computer that was accessed.

The subject fields indicate the account on the local system which requested the logon. This is most commonly a service such as the Server service, or a local process such as Winlogon.exe or Services.exe.

The logon type field indicates the kind of logon that occurred. The most common types are 2 (interactive) and 3 (network).

The New Logon fields indicate the account for whom the new logon was created, i.e. the account that was logged on.

The network fields indicate where a remote logon request originated. Workstation name is not always available and may be left blank in some cases.

The authentication information fields provide detailed information about this specific logon request.
	- Logon GUID is a unique identifier that can be used to correlate this event with a KDC event.
	- Transited services indicate which intermediate services have participated in this logon request.
	- Package name indicates which sub-protocol was used among the NTLM protocols.
	- Key length indicates the length of the generated session key. This will be 0 if no session key was requested.","2024-07-03T04:35:45.000+00:00","RISK-ANALYST1",main,59,"WinEventLog:Security","WinEventLog:Security","ip-10-0-0-207.us-west-2.compute.internal"
4624,"An account was successfully logged on.

Subject:
	Security ID:		S-1-0-0
	Account Name:		-
	Account Domain:		-
	Logon ID:		0x0

Logon Type:			3

New Logon:
	Security ID:		S-1-5-7
	Account Name:		ANONYMOUS LOGON
	Account Domain:		NT AUTHORITY
	Logon ID:		0x5ba8cd7
	Logon GUID:		{00000000-0000-0000-0000-000000000000}

Process Information:
	Process ID:		0x0
	Process Name:		-

Network Information:
	Workstation Name:	nmap
	Source Network Address:	10.0.0.176
	Source Port:		38540

Detailed Authentication Information:
	Logon Process:		NtLmSsp 
	Authentication Package:	NTLM
	Transited Services:	-
	Package Name (NTLM only):	NTLM V1
	Key Length:		128

This event is generated when a logon session is created. It is generated on the computer that was accessed.

The subject fields indicate the account on the local system which requested the logon. This is most commonly a service such as the Server service, or a local process such as Winlogon.exe or Services.exe.

The logon type field indicates the kind of logon that occurred. The most common types are 2 (interactive) and 3 (network).

The New Logon fields indicate the account for whom the new logon was created, i.e. the account that was logged on.

The network fields indicate where a remote logon request originated. Workstation name is not always available and may be left blank in some cases.

The authentication information fields provide detailed information about this specific logon request.
	- Logon GUID is a unique identifier that can be used to correlate this event with a KDC event.
	- Transited services indicate which intermediate services have participated in this logon request.
	- Package name indicates which sub-protocol was used among the NTLM protocols.
	- Key length indicates the length of the generated session key. This will be 0 if no session key was requested.","07/02/2024 09:35:44 PM
LogName=Security
EventCode=4624
EventType=0
ComputerName=RISK-ANALYST1
SourceName=Microsoft Windows security auditing.
Type=Information
RecordNumber=59830
Keywords=Audit Success
TaskCategory=Logon
OpCode=Info
Message=An account was successfully logged on.

Subject:
	Security ID:		S-1-0-0
	Account Name:		-
	Account Domain:		-
	Logon ID:		0x0

Logon Type:			3

New Logon:
	Security ID:		S-1-5-7
	Account Name:		ANONYMOUS LOGON
	Account Domain:		NT AUTHORITY
	Logon ID:		0x5ba8cd7
	Logon GUID:		{00000000-0000-0000-0000-000000000000}

Process Information:
	Process ID:		0x0
	Process Name:		-

Network Information:
	Workstation Name:	nmap
	Source Network Address:	10.0.0.176
	Source Port:		38540

Detailed Authentication Information:
	Logon Process:		NtLmSsp 
	Authentication Package:	NTLM
	Transited Services:	-
	Package Name (NTLM only):	NTLM V1
	Key Length:		128

This event is generated when a logon session is created. It is generated on the computer that was accessed.

The subject fields indicate the account on the local system which requested the logon. This is most commonly a service such as the Server service, or a local process such as Winlogon.exe or Services.exe.

The logon type field indicates the kind of logon that occurred. The most common types are 2 (interactive) and 3 (network).

The New Logon fields indicate the account for whom the new logon was created, i.e. the account that was logged on.

The network fields indicate where a remote logon request originated. Workstation name is not always available and may be left blank in some cases.

The authentication information fields provide detailed information about this specific logon request.
	- Logon GUID is a unique identifier that can be used to correlate this event with a KDC event.
	- Transited services indicate which intermediate services have participated in this logon request.
	- Package name indicates which sub-protocol was used among the NTLM protocols.
	- Key length indicates the length of the generated session key. This will be 0 if no session key was requested.","2024-07-03T04:35:44.000+00:00","RISK-ANALYST1",main,59,"WinEventLog:Security","WinEventLog:Security","ip-10-0-0-207.us-west-2.compute.internal"
4624,"An account was successfully logged on.

Subject:
	Security ID:		S-1-0-0
	Account Name:		-
	Account Domain:		-
	Logon ID:		0x0

Logon Type:			3

New Logon:
	Security ID:		S-1-5-7
	Account Name:		ANONYMOUS LOGON
	Account Domain:		NT AUTHORITY
	Logon ID:		0x5ba8a97
	Logon GUID:		{00000000-0000-0000-0000-000000000000}

Process Information:
	Process ID:		0x0
	Process Name:		-

Network Information:
	Workstation Name:	nmap
	Source Network Address:	10.0.0.176
	Source Port:		57476

Detailed Authentication Information:
	Logon Process:		NtLmSsp 
	Authentication Package:	NTLM
	Transited Services:	-
	Package Name (NTLM only):	NTLM V1
	Key Length:		128

This event is generated when a logon session is created. It is generated on the computer that was accessed.

The subject fields indicate the account on the local system which requested the logon. This is most commonly a service such as the Server service, or a local process such as Winlogon.exe or Services.exe.

The logon type field indicates the kind of logon that occurred. The most common types are 2 (interactive) and 3 (network).

The New Logon fields indicate the account for whom the new logon was created, i.e. the account that was logged on.

The network fields indicate where a remote logon request originated. Workstation name is not always available and may be left blank in some cases.

The authentication information fields provide detailed information about this specific logon request.
	- Logon GUID is a unique identifier that can be used to correlate this event with a KDC event.
	- Transited services indicate which intermediate services have participated in this logon request.
	- Package name indicates which sub-protocol was used among the NTLM protocols.
	- Key length indicates the length of the generated session key. This will be 0 if no session key was requested.","07/02/2024 09:35:39 PM
LogName=Security
EventCode=4624
EventType=0
ComputerName=RISK-ANALYST1
SourceName=Microsoft Windows security auditing.
Type=Information
RecordNumber=59828
Keywords=Audit Success
TaskCategory=Logon
OpCode=Info
Message=An account was successfully logged on.

Subject:
	Security ID:		S-1-0-0
	Account Name:		-
	Account Domain:		-
	Logon ID:		0x0

Logon Type:			3

New Logon:
	Security ID:		S-1-5-7
	Account Name:		ANONYMOUS LOGON
	Account Domain:		NT AUTHORITY
	Logon ID:		0x5ba8a97
	Logon GUID:		{00000000-0000-0000-0000-000000000000}

Process Information:
	Process ID:		0x0
	Process Name:		-

Network Information:
	Workstation Name:	nmap
	Source Network Address:	10.0.0.176
	Source Port:		57476

Detailed Authentication Information:
	Logon Process:		NtLmSsp 
	Authentication Package:	NTLM
	Transited Services:	-
	Package Name (NTLM only):	NTLM V1
	Key Length:		128

This event is generated when a logon session is created. It is generated on the computer that was accessed.

The subject fields indicate the account on the local system which requested the logon. This is most commonly a service such as the Server service, or a local process such as Winlogon.exe or Services.exe.

The logon type field indicates the kind of logon that occurred. The most common types are 2 (interactive) and 3 (network).

The New Logon fields indicate the account for whom the new logon was created, i.e. the account that was logged on.

The network fields indicate where a remote logon request originated. Workstation name is not always available and may be left blank in some cases.

The authentication information fields provide detailed information about this specific logon request.
	- Logon GUID is a unique identifier that can be used to correlate this event with a KDC event.
	- Transited services indicate which intermediate services have participated in this logon request.
	- Package name indicates which sub-protocol was used among the NTLM protocols.
	- Key length indicates the length of the generated session key. This will be 0 if no session key was requested.","2024-07-03T04:35:39.000+00:00","RISK-ANALYST1",main,59,"WinEventLog:Security","WinEventLog:Security","ip-10-0-0-207.us-west-2.compute.internal"
4624,"An account was successfully logged on.

Subject:
	Security ID:		S-1-0-0
	Account Name:		-
	Account Domain:		-
	Logon ID:		0x0

Logon Type:			3

New Logon:
	Security ID:		S-1-5-7
	Account Name:		ANONYMOUS LOGON
	Account Domain:		NT AUTHORITY
	Logon ID:		0x5ba87ee
	Logon GUID:		{00000000-0000-0000-0000-000000000000}

Process Information:
	Process ID:		0x0
	Process Name:		-

Network Information:
	Workstation Name:	nmap
	Source Network Address:	10.0.0.176
	Source Port:		41884

Detailed Authentication Information:
	Logon Process:		NtLmSsp 
	Authentication Package:	NTLM
	Transited Services:	-
	Package Name (NTLM only):	NTLM V1
	Key Length:		128

This event is generated when a logon session is created. It is generated on the computer that was accessed.

The subject fields indicate the account on the local system which requested the logon. This is most commonly a service such as the Server service, or a local process such as Winlogon.exe or Services.exe.

The logon type field indicates the kind of logon that occurred. The most common types are 2 (interactive) and 3 (network).

The New Logon fields indicate the account for whom the new logon was created, i.e. the account that was logged on.

The network fields indicate where a remote logon request originated. Workstation name is not always available and may be left blank in some cases.

The authentication information fields provide detailed information about this specific logon request.
	- Logon GUID is a unique identifier that can be used to correlate this event with a KDC event.
	- Transited services indicate which intermediate services have participated in this logon request.
	- Package name indicates which sub-protocol was used among the NTLM protocols.
	- Key length indicates the length of the generated session key. This will be 0 if no session key was requested.","07/02/2024 09:35:33 PM
LogName=Security
EventCode=4624
EventType=0
ComputerName=RISK-ANALYST1
SourceName=Microsoft Windows security auditing.
Type=Information
RecordNumber=59826
Keywords=Audit Success
TaskCategory=Logon
OpCode=Info
Message=An account was successfully logged on.

Subject:
	Security ID:		S-1-0-0
	Account Name:		-
	Account Domain:		-
	Logon ID:		0x0

Logon Type:			3

New Logon:
	Security ID:		S-1-5-7
	Account Name:		ANONYMOUS LOGON
	Account Domain:		NT AUTHORITY
	Logon ID:		0x5ba87ee
	Logon GUID:		{00000000-0000-0000-0000-000000000000}

Process Information:
	Process ID:		0x0
	Process Name:		-

Network Information:
	Workstation Name:	nmap
	Source Network Address:	10.0.0.176
	Source Port:		41884

Detailed Authentication Information:
	Logon Process:		NtLmSsp 
	Authentication Package:	NTLM
	Transited Services:	-
	Package Name (NTLM only):	NTLM V1
	Key Length:		128

This event is generated when a logon session is created. It is generated on the computer that was accessed.

The subject fields indicate the account on the local system which requested the logon. This is most commonly a service such as the Server service, or a local process such as Winlogon.exe or Services.exe.

The logon type field indicates the kind of logon that occurred. The most common types are 2 (interactive) and 3 (network).

The New Logon fields indicate the account for whom the new logon was created, i.e. the account that was logged on.

The network fields indicate where a remote logon request originated. Workstation name is not always available and may be left blank in some cases.

The authentication information fields provide detailed information about this specific logon request.
	- Logon GUID is a unique identifier that can be used to correlate this event with a KDC event.
	- Transited services indicate which intermediate services have participated in this logon request.
	- Package name indicates which sub-protocol was used among the NTLM protocols.
	- Key length indicates the length of the generated session key. This will be 0 if no session key was requested.","2024-07-03T04:35:33.000+00:00","RISK-ANALYST1",main,59,"WinEventLog:Security","WinEventLog:Security","ip-10-0-0-207.us-west-2.compute.internal"
4624,"An account was successfully logged on.

Subject:
	Security ID:		S-1-0-0
	Account Name:		-
	Account Domain:		-
	Logon ID:		0x0

Logon Type:			3

New Logon:
	Security ID:		S-1-5-7
	Account Name:		ANONYMOUS LOGON
	Account Domain:		NT AUTHORITY
	Logon ID:		0x5ba855d
	Logon GUID:		{00000000-0000-0000-0000-000000000000}

Process Information:
	Process ID:		0x0
	Process Name:		-

Network Information:
	Workstation Name:	nmap
	Source Network Address:	10.0.0.176
	Source Port:		41870

Detailed Authentication Information:
	Logon Process:		NtLmSsp 
	Authentication Package:	NTLM
	Transited Services:	-
	Package Name (NTLM only):	NTLM V1
	Key Length:		128

This event is generated when a logon session is created. It is generated on the computer that was accessed.

The subject fields indicate the account on the local system which requested the logon. This is most commonly a service such as the Server service, or a local process such as Winlogon.exe or Services.exe.

The logon type field indicates the kind of logon that occurred. The most common types are 2 (interactive) and 3 (network).

The New Logon fields indicate the account for whom the new logon was created, i.e. the account that was logged on.

The network fields indicate where a remote logon request originated. Workstation name is not always available and may be left blank in some cases.

The authentication information fields provide detailed information about this specific logon request.
	- Logon GUID is a unique identifier that can be used to correlate this event with a KDC event.
	- Transited services indicate which intermediate services have participated in this logon request.
	- Package name indicates which sub-protocol was used among the NTLM protocols.
	- Key length indicates the length of the generated session key. This will be 0 if no session key was requested.","07/02/2024 09:35:31 PM
LogName=Security
EventCode=4624
EventType=0
ComputerName=RISK-ANALYST1
SourceName=Microsoft Windows security auditing.
Type=Information
RecordNumber=59824
Keywords=Audit Success
TaskCategory=Logon
OpCode=Info
Message=An account was successfully logged on.

Subject:
	Security ID:		S-1-0-0
	Account Name:		-
	Account Domain:		-
	Logon ID:		0x0

Logon Type:			3

New Logon:
	Security ID:		S-1-5-7
	Account Name:		ANONYMOUS LOGON
	Account Domain:		NT AUTHORITY
	Logon ID:		0x5ba855d
	Logon GUID:		{00000000-0000-0000-0000-000000000000}

Process Information:
	Process ID:		0x0
	Process Name:		-

Network Information:
	Workstation Name:	nmap
	Source Network Address:	10.0.0.176
	Source Port:		41870

Detailed Authentication Information:
	Logon Process:		NtLmSsp 
	Authentication Package:	NTLM
	Transited Services:	-
	Package Name (NTLM only):	NTLM V1
	Key Length:		128

This event is generated when a logon session is created. It is generated on the computer that was accessed.

The subject fields indicate the account on the local system which requested the logon. This is most commonly a service such as the Server service, or a local process such as Winlogon.exe or Services.exe.

The logon type field indicates the kind of logon that occurred. The most common types are 2 (interactive) and 3 (network).

The New Logon fields indicate the account for whom the new logon was created, i.e. the account that was logged on.

The network fields indicate where a remote logon request originated. Workstation name is not always available and may be left blank in some cases.

The authentication information fields provide detailed information about this specific logon request.
	- Logon GUID is a unique identifier that can be used to correlate this event with a KDC event.
	- Transited services indicate which intermediate services have participated in this logon request.
	- Package name indicates which sub-protocol was used among the NTLM protocols.
	- Key length indicates the length of the generated session key. This will be 0 if no session key was requested.","2024-07-03T04:35:31.000+00:00","RISK-ANALYST1",main,59,"WinEventLog:Security","WinEventLog:Security","ip-10-0-0-207.us-west-2.compute.internal"
4624,"An account was successfully logged on.

Subject:
	Security ID:		S-1-0-0
	Account Name:		-
	Account Domain:		-
	Logon ID:		0x0

Logon Type:			3

New Logon:
	Security ID:		S-1-5-7
	Account Name:		ANONYMOUS LOGON
	Account Domain:		NT AUTHORITY
	Logon ID:		0x5ba7dac
	Logon GUID:		{00000000-0000-0000-0000-000000000000}

Process Information:
	Process ID:		0x0
	Process Name:		-

Network Information:
	Workstation Name:	nmap
	Source Network Address:	10.0.0.176
	Source Port:		41866

Detailed Authentication Information:
	Logon Process:		NtLmSsp 
	Authentication Package:	NTLM
	Transited Services:	-
	Package Name (NTLM only):	NTLM V1
	Key Length:		128

This event is generated when a logon session is created. It is generated on the computer that was accessed.

The subject fields indicate the account on the local system which requested the logon. This is most commonly a service such as the Server service, or a local process such as Winlogon.exe or Services.exe.

The logon type field indicates the kind of logon that occurred. The most common types are 2 (interactive) and 3 (network).

The New Logon fields indicate the account for whom the new logon was created, i.e. the account that was logged on.

The network fields indicate where a remote logon request originated. Workstation name is not always available and may be left blank in some cases.

The authentication information fields provide detailed information about this specific logon request.
	- Logon GUID is a unique identifier that can be used to correlate this event with a KDC event.
	- Transited services indicate which intermediate services have participated in this logon request.
	- Package name indicates which sub-protocol was used among the NTLM protocols.
	- Key length indicates the length of the generated session key. This will be 0 if no session key was requested.","07/02/2024 09:35:26 PM
LogName=Security
EventCode=4624
EventType=0
ComputerName=RISK-ANALYST1
SourceName=Microsoft Windows security auditing.
Type=Information
RecordNumber=59822
Keywords=Audit Success
TaskCategory=Logon
OpCode=Info
Message=An account was successfully logged on.

Subject:
	Security ID:		S-1-0-0
	Account Name:		-
	Account Domain:		-
	Logon ID:		0x0

Logon Type:			3

New Logon:
	Security ID:		S-1-5-7
	Account Name:		ANONYMOUS LOGON
	Account Domain:		NT AUTHORITY
	Logon ID:		0x5ba7dac
	Logon GUID:		{00000000-0000-0000-0000-000000000000}

Process Information:
	Process ID:		0x0
	Process Name:		-

Network Information:
	Workstation Name:	nmap
	Source Network Address:	10.0.0.176
	Source Port:		41866

Detailed Authentication Information:
	Logon Process:		NtLmSsp 
	Authentication Package:	NTLM
	Transited Services:	-
	Package Name (NTLM only):	NTLM V1
	Key Length:		128

This event is generated when a logon session is created. It is generated on the computer that was accessed.

The subject fields indicate the account on the local system which requested the logon. This is most commonly a service such as the Server service, or a local process such as Winlogon.exe or Services.exe.

The logon type field indicates the kind of logon that occurred. The most common types are 2 (interactive) and 3 (network).

The New Logon fields indicate the account for whom the new logon was created, i.e. the account that was logged on.

The network fields indicate where a remote logon request originated. Workstation name is not always available and may be left blank in some cases.

The authentication information fields provide detailed information about this specific logon request.
	- Logon GUID is a unique identifier that can be used to correlate this event with a KDC event.
	- Transited services indicate which intermediate services have participated in this logon request.
	- Package name indicates which sub-protocol was used among the NTLM protocols.
	- Key length indicates the length of the generated session key. This will be 0 if no session key was requested.","2024-07-03T04:35:26.000+00:00","RISK-ANALYST1",main,59,"WinEventLog:Security","WinEventLog:Security","ip-10-0-0-207.us-west-2.compute.internal"
4624,"An account was successfully logged on.

Subject:
	Security ID:		S-1-0-0
	Account Name:		-
	Account Domain:		-
	Logon ID:		0x0

Logon Type:			3

New Logon:
	Security ID:		S-1-5-7
	Account Name:		ANONYMOUS LOGON
	Account Domain:		NT AUTHORITY
	Logon ID:		0x5ba7710
	Logon GUID:		{00000000-0000-0000-0000-000000000000}

Process Information:
	Process ID:		0x0
	Process Name:		-

Network Information:
	Workstation Name:	nmap
	Source Network Address:	10.0.0.176
	Source Port:		41856

Detailed Authentication Information:
	Logon Process:		NtLmSsp 
	Authentication Package:	NTLM
	Transited Services:	-
	Package Name (NTLM only):	NTLM V1
	Key Length:		128

This event is generated when a logon session is created. It is generated on the computer that was accessed.

The subject fields indicate the account on the local system which requested the logon. This is most commonly a service such as the Server service, or a local process such as Winlogon.exe or Services.exe.

The logon type field indicates the kind of logon that occurred. The most common types are 2 (interactive) and 3 (network).

The New Logon fields indicate the account for whom the new logon was created, i.e. the account that was logged on.

The network fields indicate where a remote logon request originated. Workstation name is not always available and may be left blank in some cases.

The authentication information fields provide detailed information about this specific logon request.
	- Logon GUID is a unique identifier that can be used to correlate this event with a KDC event.
	- Transited services indicate which intermediate services have participated in this logon request.
	- Package name indicates which sub-protocol was used among the NTLM protocols.
	- Key length indicates the length of the generated session key. This will be 0 if no session key was requested.","07/02/2024 09:35:24 PM
LogName=Security
EventCode=4624
EventType=0
ComputerName=RISK-ANALYST1
SourceName=Microsoft Windows security auditing.
Type=Information
RecordNumber=59820
Keywords=Audit Success
TaskCategory=Logon
OpCode=Info
Message=An account was successfully logged on.

Subject:
	Security ID:		S-1-0-0
	Account Name:		-
	Account Domain:		-
	Logon ID:		0x0

Logon Type:			3

New Logon:
	Security ID:		S-1-5-7
	Account Name:		ANONYMOUS LOGON
	Account Domain:		NT AUTHORITY
	Logon ID:		0x5ba7710
	Logon GUID:		{00000000-0000-0000-0000-000000000000}

Process Information:
	Process ID:		0x0
	Process Name:		-

Network Information:
	Workstation Name:	nmap
	Source Network Address:	10.0.0.176
	Source Port:		41856

Detailed Authentication Information:
	Logon Process:		NtLmSsp 
	Authentication Package:	NTLM
	Transited Services:	-
	Package Name (NTLM only):	NTLM V1
	Key Length:		128

This event is generated when a logon session is created. It is generated on the computer that was accessed.

The subject fields indicate the account on the local system which requested the logon. This is most commonly a service such as the Server service, or a local process such as Winlogon.exe or Services.exe.

The logon type field indicates the kind of logon that occurred. The most common types are 2 (interactive) and 3 (network).

The New Logon fields indicate the account for whom the new logon was created, i.e. the account that was logged on.

The network fields indicate where a remote logon request originated. Workstation name is not always available and may be left blank in some cases.

The authentication information fields provide detailed information about this specific logon request.
	- Logon GUID is a unique identifier that can be used to correlate this event with a KDC event.
	- Transited services indicate which intermediate services have participated in this logon request.
	- Package name indicates which sub-protocol was used among the NTLM protocols.
	- Key length indicates the length of the generated session key. This will be 0 if no session key was requested.","2024-07-03T04:35:24.000+00:00","RISK-ANALYST1",main,59,"WinEventLog:Security","WinEventLog:Security","ip-10-0-0-207.us-west-2.compute.internal"
4624,"An account was successfully logged on.

Subject:
	Security ID:		S-1-0-0
	Account Name:		-
	Account Domain:		-
	Logon ID:		0x0

Logon Type:			3

New Logon:
	Security ID:		S-1-5-7
	Account Name:		ANONYMOUS LOGON
	Account Domain:		NT AUTHORITY
	Logon ID:		0x5ba7533
	Logon GUID:		{00000000-0000-0000-0000-000000000000}

Process Information:
	Process ID:		0x0
	Process Name:		-

Network Information:
	Workstation Name:	nmap
	Source Network Address:	10.0.0.176
	Source Port:		49576

Detailed Authentication Information:
	Logon Process:		NtLmSsp 
	Authentication Package:	NTLM
	Transited Services:	-
	Package Name (NTLM only):	NTLM V1
	Key Length:		128

This event is generated when a logon session is created. It is generated on the computer that was accessed.

The subject fields indicate the account on the local system which requested the logon. This is most commonly a service such as the Server service, or a local process such as Winlogon.exe or Services.exe.

The logon type field indicates the kind of logon that occurred. The most common types are 2 (interactive) and 3 (network).

The New Logon fields indicate the account for whom the new logon was created, i.e. the account that was logged on.

The network fields indicate where a remote logon request originated. Workstation name is not always available and may be left blank in some cases.

The authentication information fields provide detailed information about this specific logon request.
	- Logon GUID is a unique identifier that can be used to correlate this event with a KDC event.
	- Transited services indicate which intermediate services have participated in this logon request.
	- Package name indicates which sub-protocol was used among the NTLM protocols.
	- Key length indicates the length of the generated session key. This will be 0 if no session key was requested.","07/02/2024 09:35:23 PM
LogName=Security
EventCode=4624
EventType=0
ComputerName=RISK-ANALYST1
SourceName=Microsoft Windows security auditing.
Type=Information
RecordNumber=59818
Keywords=Audit Success
TaskCategory=Logon
OpCode=Info
Message=An account was successfully logged on.

Subject:
	Security ID:		S-1-0-0
	Account Name:		-
	Account Domain:		-
	Logon ID:		0x0

Logon Type:			3

New Logon:
	Security ID:		S-1-5-7
	Account Name:		ANONYMOUS LOGON
	Account Domain:		NT AUTHORITY
	Logon ID:		0x5ba7533
	Logon GUID:		{00000000-0000-0000-0000-000000000000}

Process Information:
	Process ID:		0x0
	Process Name:		-

Network Information:
	Workstation Name:	nmap
	Source Network Address:	10.0.0.176
	Source Port:		49576

Detailed Authentication Information:
	Logon Process:		NtLmSsp 
	Authentication Package:	NTLM
	Transited Services:	-
	Package Name (NTLM only):	NTLM V1
	Key Length:		128

This event is generated when a logon session is created. It is generated on the computer that was accessed.

The subject fields indicate the account on the local system which requested the logon. This is most commonly a service such as the Server service, or a local process such as Winlogon.exe or Services.exe.

The logon type field indicates the kind of logon that occurred. The most common types are 2 (interactive) and 3 (network).

The New Logon fields indicate the account for whom the new logon was created, i.e. the account that was logged on.

The network fields indicate where a remote logon request originated. Workstation name is not always available and may be left blank in some cases.

The authentication information fields provide detailed information about this specific logon request.
	- Logon GUID is a unique identifier that can be used to correlate this event with a KDC event.
	- Transited services indicate which intermediate services have participated in this logon request.
	- Package name indicates which sub-protocol was used among the NTLM protocols.
	- Key length indicates the length of the generated session key. This will be 0 if no session key was requested.","2024-07-03T04:35:23.000+00:00","RISK-ANALYST1",main,59,"WinEventLog:Security","WinEventLog:Security","ip-10-0-0-207.us-west-2.compute.internal"
